{
  "src": [
    "sprites.webm",
    "sprites.mp3"
  ],
  "sprite": {
    "accept-help": [
      0,
      3030.204081632653
    ],
    "alarm": [
      5000,
      1541.224489795918
    ],
    "corruption": [
      8000,
      161483.17460317462,
      true
    ],
    "crew": [
      171000,
      137404.10430839006,
      true
    ],
    "damage": [
      310000,
      4519.183673469399
    ],
    "fail": [
      316000,
      1541.2244897959226
    ],
    "move": [
      319000,
      1541.2244897959226
    ],
    "notification": [
      322000,
      1541.2244897959226
    ],
    "part-0-corruption-0": [
      325000,
      28839.183673469393
    ],
    "part-0-corruption-1": [
      355000,
      24555.10204081634
    ],
    "part-0-corruption-2": [
      381000,
      17841.6326530612
    ],
    "part-0-corruption-3": [
      400000,
      24215.510204081624
    ],
    "part-0-story-0": [
      426000,
      45322.448979591856
    ],
    "part-0-story-1": [
      473000,
      29805.71428571426
    ],
    "part-0-story-2": [
      504000,
      47751.836734693825
    ],
    "part-0-story-3": [
      553000,
      20035.918367346996
    ],
    "part-2-corruption-0": [
      575000,
      19226.122448979593
    ],
    "part-2-corruption-1": [
      596000,
      12068.571428571431
    ],
    "part-2-corruption-2": [
      610000,
      16065.306122448987
    ],
    "part-2-corruption-3": [
      628000,
      26671.02040816326
    ],
    "part-2-corruption-4": [
      656000,
      24633.4693877551
    ],
    "part-2-corruption-5": [
      682000,
      12094.69387755098
    ],
    "part-2-corruption-6": [
      696000,
      15960.816326530563
    ],
    "part-2-story-0": [
      713000,
      33253.87755102042
    ],
    "part-2-story-1": [
      748000,
      22439.183673469415
    ],
    "part-2-story-2": [
      772000,
      48666.12244897965
    ],
    "part-2-story-3": [
      822000,
      35683.2653061224
    ],
    "part-2-story-4": [
      859000,
      57077.55102040812
    ],
    "part-2-story-5": [
      918000,
      11493.877551020432
    ],
    "part-2-story-6": [
      931000,
      33724.08163265311
    ],
    "player-change": [
      966000,
      1541.2244897959226
    ],
    "reaction": [
      969000,
      1541.2244897959226
    ],
    "request": [
      972000,
      3030.2040816326326
    ],
    "roll": [
      977000,
      6008.163265306166
    ],
    "success-hack": [
      985000,
      1541.2244897959226
    ],
    "success-lockpick": [
      988000,
      1541.2244897959226
    ],
    "success-neutralise": [
      991000,
      1541.2244897959226
    ],
    "typing": [
      994000,
      1541.2244897959226
    ],
    "upgrade": [
      997000,
      3030.2040816326326
    ]
  }
}